ReferenceId,AppointmentId
eca7746d-3cf7-4f57-bfa5-14acd07f604f,NN231125174949111
bd56244e-49b1-4837-a699-4171cf3e67e1,NN231125174956386
9d0d2ccf-b38f-4cb0-80e8-3dded8191399,NN231118044842747
7d0ad8ea-22bc-49dc-9075-4da0a58df88d,NN231118045159788
06056f36-27ed-4577-80de-8e3fd96ace40,NN231125175024687
9627defb-e948-48f2-b1cf-35e6c4190f2a,NN231125175031682
3e869c1a-898a-4e02-a76a-10b77703ba8c,NN231126030442635
4c87a895-7fad-4678-888a-8473b5df90a3,NN231126030752471
13c5f593-1815-49a7-8bc6-876e8d0d200a,NN231126043313431
e4072845-f88e-4872-ac0c-e3fcb3f92ea3,NN231119034410103
724115e8-bde3-4a5a-bb41-57684188ee78,NN231126071953314
f4b190ee-4d8a-49d6-8fc2-6471a6426007,NN231126072542893
83b12f24-d440-4e46-907e-a26038cb923e,NN231126072725996
211a012a-e4ec-4627-846d-4a2ea989851f,NN231119132759652
f7fa852b-0183-45f1-aeee-0505e824a792,NN231119132841290
afad54a6-5f99-445c-b6b1-edc2aa9dd717,NN231119133114775
f390f711-7409-4987-8a98-a23f7fded84e,NN231128065703962
5e194ba0-0f46-47ea-a4b6-d2b5f82ae6d8,NN231120040043678
0edcc36d-5128-43cc-98ea-483db1e9e8c7,NN231120040548915
9812b659-5d0f-49cb-90d0-eba785fb09c8,NN231120041506688
d35d7c31-c1e2-4c1e-8f7e-43b941c7b233,NN231126101516006
fd8f29d1-7b1e-4424-8a61-9782644898f8,NN231126111749260
ee2b2e0b-2172-4331-a9b8-662e3cf65a62,NN231126112221496
5f2c385b-fc7e-49ab-993a-90eaad5b0c57,NN231126113651450
d9116855-3e68-499d-aef6-05907306359d,NN231128070040914
b4e81df0-350f-405d-9c39-fd753f75023b,NN231128071209861
69e95f5b-7d9c-4dff-b2dd-8d705943f22c,NN231201030602701
26228035-a475-4dd9-8e80-fa0d3f26cc56,NN231129132909231
489dabba-ef2a-48f4-9d1e-e18e712f764f,NN231127033440823
fe6d9527-c0f5-40b7-9ec6-521a8b592d83,NN231127033720490
bc3140e2-e321-44d9-8be0-92c2dfc4f291,NN230922070824612
5fd982b4-69ca-4022-a592-4672cd0e3ab2,NN230922071025080
fdf047a7-3f19-4756-9d24-76b65c282abe,NN230922073816388
7183cc35-76fa-4993-abb6-cac6c4128b28,NN230922075252920
cc29020a-1ecc-4f54-9e15-01dce6ffebff,NN230922075559897
d73480b5-663d-45ac-b169-b212ff95341b,NN231129051355624
ef48ffde-66c6-43ce-8dee-93b5ab145c4a,NN231127061122085
0f1a7e68-88a7-4d17-85ab-1f4e93ac0158,NN231127061602747
8d04c236-40d4-4b80-99ec-fae25033fabc,NN231127064359877
0158c489-a44c-47d5-9e0c-1295a40cf43a,NN231127065119430
1f240e63-132d-4c6d-a799-b1cf541608c3,NN231127065634141
fa67bce7-5084-450e-bc4f-eb85cd52ddd4,NN231127070017577
217e69e6-3767-4c6a-a2ac-24fcf13bcc28,NN231130135943478
330c4b4e-30ba-4c22-b024-4fccd666f8ec,NN231127071355458
54de23fe-c106-4ff9-85c7-439e095778a9,NN231127074106410
c657f479-d46c-4efc-b7e9-16e8f904febd,NN231128134357681
657160d5-b244-47ad-aa76-9c7fac14e1c6,NN231127093423224
1021317d-d36d-4563-8317-93b12407b53f,NN231127093442843
bc9424b8-9a54-4a12-86fb-646c9ad5f0a8,NN231127093449951
14833929-fd25-4cd8-952d-680f99951a4e,NN231127093455473
edf715c7-a651-4c2b-af77-9bbeb6cb8403,NN231127093515548
dfd9036e-7e7a-4ef6-98aa-14f290cddbb9,NN231127093519267
3b35d4c3-9884-491d-aaf3-3dac8ac1e52c,NN231127093535067
56cf408b-253b-48a8-9db4-f015dc5a0599,NN231201154014322
384cf819-7aac-40d7-86fd-d500f60c5ed6,NN231129145807835
b4d66749-5e1c-4b2f-8f15-d1b8b130bc6d,NN231130070328381
2b6c0b22-3e1a-4224-a7d7-2a98b2e17838,NN231127115322774
088d6c4a-42b9-4c9a-a418-70afaef9f54c,NN231129151131127
68275522-287c-4c74-9905-09cb90fd0fe9,NN231127131136881
f904599f-9cf1-42b6-912f-0be5f1e0fae9,NN231130071614279
14020bc1-002f-46e4-8c15-38115cc04cbb,NN231130143648994
02ab2fce-cffd-4bf3-b276-9752673bf6bd,NN231201111620448
4ecb0b77-bcb2-4570-acb3-9f2fc9f1853f,NN231129151829284
05ef5589-6c63-4abe-99ff-3a94e9f30ace,NN231129153044443
f8554217-2dc4-4ee5-b0ca-0acdcce010ff,NN231128140740894
7b9a6709-e9e8-4517-aac4-97bb8a09e122,NN231128141908489
64aece09-af5c-47ae-8b90-f7e0ed1327a8,NN231128142313740
25a7acf3-9cc8-4cd1-8f53-4da3781ca192,NN231130160823138
e475c7f0-ba80-440a-b708-1b43fb9569fa,NN231122122245835
e5dc39d0-38b4-4e0f-8f10-a5ba6a7940a4,NN231127153214634
2452b24d-cbbc-41d6-b014-b9fd8eb84d67,NN231122130734105
2c77c900-0d1b-46ef-83f8-581a56715450,NN231122131334861
4aa7d0fd-6a2b-48fa-a487-96b952c4a618,NN231127155209129
a640044c-d600-497b-b440-8465b874bf7d,NN231127155608822
cd68519d-2a97-4267-9334-349b95252223,NN231130091919151
cf04aa64-346b-4d49-9d9e-55d912158235,NN231130160949849
a4ccc728-1fd7-4b44-8ae0-5ebd6047cd01,NN231130161005343
85d6e123-b492-4ebd-80a1-7b672b86e8a4,NN231130161034978
fa10adb9-df79-4632-896d-64030ebb6909,NN231130161124519
89a884ff-e15e-4a29-bf4e-57335205a7bc,NN231129105119938
d51c141a-8da4-4a07-b0ec-6bec2c350551,NN231127173143990
012417d9-7f4b-4349-b160-6d3e18b8d6dd,NN231123060018146
2a246a15-c46c-4cdb-a3b8-ebc2c5219ff4,NN231123060429772
6728c9c5-e24b-4740-a867-fe139e252a4b,NN231123060532961
524a9cab-2c8f-4dc1-8022-82a336a83640,NN231123061007843
863548d8-3448-443f-af14-8c32729a8c3a,NN231210024624340
f644413d-e6ab-491f-aeb6-bf603659f89a,NN231128030406361
071f4171-88ae-4e6b-a7b8-08e1ce203b0f,NN231128031309072
d5416061-9ed0-4208-befd-2225663706a4,NN231128031634248
44f97553-8b87-40d7-a575-91675e16fce3,NN231129105226153
3b504543-b43a-4ebe-8222-da6e726ba1ae,NN231128033131226
10dacb9f-1c3b-4692-9866-bb34b6ac007d,NN231210025046389
530ff81d-c8ea-48a4-ba75-71e51905df79,NN231104061629678
3ff0ade9-bf66-4c22-84f6-6fe222d5c99a,NN231128163527088
1c6017e3-e532-4396-8359-dc01b066806a,NN231129165516863
926a36ac-6fb1-4358-8d4a-788c4fd7f4d6,NN231129165731763
c91b0987-975d-4831-a03c-c0fa3df54aaa,NN231129165852254
db3dc27e-587c-4998-bc5a-5c1fe63213d0,NN231129165956711
3a9a62ff-d3b1-45eb-bc54-e2139c74b375,NN231112121306880
52c49ccd-6aa5-467c-8a02-8a0608afb579,NN231110164712929
b24d6cee-0ad3-4c46-a9b1-a297c803c903,NN231110165030828
7583f3c1-443a-4bd4-b162-c4b80397bf43,NN231110165250789
6222da9e-c10c-4bef-82f5-f02809dc42fc,NN231110165716023
34d6965f-4a10-4704-a3b3-ab881dfe4361,NN231110170020276
23c5249e-7b30-4831-b14a-6e2acdda07b6,NN231110092937042
e947cfab-4097-46af-9c6f-31dbb51a0081,NN231130170221756
005e943c-63d4-435b-8350-67f9bc4ab8d3,NN231201160044023
36e5f82f-3200-4483-a724-a111ea63dff1,NN231125070903026
33665d19-4b0f-4ef4-9967-138a577a354d,NN231115035550258
33edc514-6b93-49d5-ae8e-b291de8573f9,NN231115035818645
b74966e8-a386-4dc9-b44c-0118f5742e24,NN231125070912510
731b5dde-19eb-4b03-897e-ed58a77f90fb,NN231125070925792
62ab35a8-7b94-4872-b88d-0971ab020d3c,NN231115155208257
433838d5-cc1c-43d0-afea-831c282a2d02,NN231125070929317
fe6ee908-9432-4db8-bfaf-f2b0a78b0745,NN231125070933389
dac7ee04-2e0a-464e-bae7-e11702885096,NN231125070937206
3b70def1-6c55-4f16-b767-142029bbbf0c,NN231125070942089
aaee9172-39ef-41d9-ad3d-48da88978682,NN231125070945404
66c50d11-2dba-4c68-b016-a06f2be9320c,NN231128053243303
68747595-fce2-4a90-8b2d-eff3693d4b3f,NN231128053655240
13fe18b9-c70a-42b1-a8cd-9252d044ed4f,NN231128054411818
2dcd4008-c568-4951-9737-5447118dc292,NN231128054839399
c4311a0c-0320-4d76-b699-7c1349a0763b,NN231130104040190
35531656-132f-4ee0-8cfb-95eda5748663,NN231117141417912
a0ab3df7-d833-4f4f-8d45-ad7535c2a330,NN231129130410777
ac1b969e-51d3-466a-9ca1-42741d1a251c,NN231129130441251
6d7b3b64-34b2-4b76-8a4f-8d507277f561,NN231130104312463
c2547fe1-dcd1-45b3-b5f2-b4fca3ccb3fa,NN231130105619948
78159e24-33df-4ae7-affd-2e17848609af,NN231130173507991
08dd07b0-ae11-4e7d-b7e2-e5a605ad016c,NN231130173729194
36288d50-4436-41f7-8fbc-625cf951324a,NN231202140432122
45106d38-8e7d-4705-a11e-58aab3c97803,NN231202141931231
2362c5cc-3234-4032-8929-fc17851ef926,NN231202144132749
0d5641c4-0252-43a6-b67f-19d2a98e2058,NN231203040248343
2920dfba-0d55-4e12-a751-665f25fdfaae,NN231203135035623
43158b93-042a-4db1-a07c-5e3f23043f9e,NN231203135602093
c9b21fd8-100a-4ffa-afeb-441ef540c395,NN231203142701403
805025d4-9893-4343-8cfa-922ce5ec1064,NN231203144057069
e2d2e97c-bd78-4730-b11d-6e8eaf64979b,NN231203145820679
0b60859f-199b-47ca-91a3-d9f63ababf0c,NN231203145916048
3e33fba0-0d8a-4159-b016-b08b6566a221,NN231203154823118
da960c7d-f8a2-4972-b368-3ca249912573,NN231203155238456
8e3c86e4-2aeb-4d22-9937-af3bb79d4ef6,NN231203155308966
af165f47-5e63-4d76-8ee6-e383b53ee8f6,NN231204034756345
33099d47-2c30-438d-9920-5123b5d02266,NN231204065451799
d4fdd512-edd1-4e8e-8d88-22919b787a4b,NN231204140132202
728a656f-f040-4c03-b47c-7e96042be38a,NN231204140710771
df18329d-2a9a-4715-950e-0e3973c28c8e,NN231204140811849
550990a8-22b5-4c5d-8717-faf45032b845,NN231204141032059
1a5fb07a-81c7-46d4-9f1f-3edd29e29d03,NN231204141205841
c3ac5dec-7b96-40ea-9ebf-0e291d507214,NN231204141450741
bc54f26b-c1be-4fa0-9453-7865de405b9e,NN231204141552656
62f57565-5ea0-402b-90d8-619eb886840f,NN231205030852832
f5e7c6dd-a4ef-42aa-bfad-3537ee6ec4b9,NN231205034809031
0114f598-3400-457f-af2b-0d1c4e470573,NN231205090628780
1e1ebfa5-9236-4866-92cc-0867063c01a2,NN231205124853811
fd986602-fee2-4b78-bddd-02163caa1fc3,NN231205125641168
f866fee2-0d3c-4dd1-bf5a-fed834b4fc94,NN231205131118620
a8b1f3cd-51ae-468e-acab-1752a5da78db,NN231205152809251
3795668b-ec67-4826-bfc8-97099732d798,NN231206071052490
fbb68025-7b88-4db4-bb53-8278ec09f768,NN231206071109290
fd7e6637-c033-4f3e-bfc8-cb5825e5d888,NN231206071120296
da98746f-3781-4feb-846f-8a5af9d5b53d,NN231206071143782
2b8f2ccd-2948-44c3-9f8b-2b736d944f73,NN231206071227560
20c732f4-ae83-4227-a482-ceea03a876c2,NN231206071239593
8da28a49-7ab0-46ab-9d58-f1e869fd4a0b,NN231206072118438
672d8338-98d7-4d25-b8b0-dd2a8ed72210,NN231206111021184
2a171d75-dd4a-4acc-878f-ea10f0900faf,NN231206131803453
d33e6d28-7763-43b6-a271-48a025332c88,NN231206151200384
e5b98879-6522-4c0b-b886-583e58fe0c73,NN231206165532766
65c60a75-1100-4acd-a50d-637cc912520d,NN231206170153988
396034a9-9e72-432e-8891-e37f33b3dfa0,NN231207154953754
30b7e5c7-7a19-4fb4-b711-b6f548a1112a,NN231207155024173
f2140577-19f2-4d44-8264-100d93f42e11,NN231208060534735
7ed838e2-4be5-498a-abfd-f4d711077e85,NN231208102954195
1ba09d0b-387a-40a1-8af6-6185530605b0,NN231208123542553
5eb0500e-9d2d-43f5-b956-ebfebe8cc80b,NN231208124145889
10d3da21-59d6-4517-a7d5-563708371fd0,NN231208150723575
07a2bf5b-2005-489f-98cf-37729e41e626,NN231208151405101
fac8666b-2800-45d5-9cce-7092fb3317e5,NN231208161237304
6d675c1f-dc2c-4ffe-ade7-3a75403f9a14,NN231208162146486
2b1e5955-25ca-4a90-b86c-d237934f4bf8,NN231208162654548
06e8fa67-0f78-44f5-82ec-1bcbae635c7f,NN231208163513217
6ebbbccd-06fc-44ef-9600-6894c1fbdb23,NN231208163609572
73fec6cb-12a2-4d3e-98c2-a93a26652df5,NN231208163641229
3a854861-f545-4b13-8578-86a0f34fdc9f,NN231208163818633
46cec50e-a2e4-4827-8541-bd4a8c28f6f8,NN231209062607207
f9bf708f-4cc8-4dc4-a98c-68c7255d84f7,NN231209143348673
40804d99-f92d-4fe4-a0a6-0c1539d93d6e,NN231209144259103
1816569c-bc62-486b-9588-3d149258ae2a,NN231209153730335
9e191ba2-28e4-41f5-be24-9cbd07c8dc77,NN231209172533742
c68a3a63-57f8-482e-b45d-7e002b6ec95d,NN231210035903305
5151ad6a-41f1-4d69-9f9a-375afe2a77c8,NN231210050435693
b5c37912-1efd-4cea-ad68-d4a332aa7f21,NN231210124414961
f7b50600-734f-4234-a511-58632b1bd65f,NN231210145108640
64ff1d92-87f2-4d78-871e-a6f28c6b8689,NN231210152327669
7dee92c5-1bfe-4236-996c-51a268ac1950,NN231211080823362
422248d0-3e39-4517-a028-080cbcf76f55,NN231211082620504
60863250-9d56-4226-9878-5fa8cc3fb490,NN231211142808112
66fcb278-5fa4-4f4a-bf39-a50783af7da3,NN231211143051710
0cbe6ae8-916c-464b-8f47-fcfe22adc1f6,NN231212050211561
f49365ee-9ff8-4dd7-9fe9-017f82086207,NN231212063400074
faf30070-27dd-465a-bdde-0ce2517be561,NN231212070133179
68f61e86-a9d1-417e-acae-20ca6163ab84,NN231212134008757
465bf329-6051-4281-866f-5fcaa19dd83c,NN231212134140923
f6e2bb04-0bcb-466c-a329-a393e465bd43,NN231212134346086
8f9c1d02-17d9-456b-b109-76939c63f46e,NN231213082105889
41d4621d-5eb8-4790-88b4-211c33084b41,NN231213092843034
5b9dd879-1d24-4b2d-9356-73ddf7547537,NN231213130858016
22318891-54bd-4d29-a25e-fd1509d58235,NN231213132146154
2da8393a-d145-4444-bdbf-bfec5d7d68f5,NN231213133140264
e312e39f-f5a0-40d0-9cdc-22678ca13714,NN231213141856266
205dce00-632d-4308-afca-841f2e9aee77,NN231213142201002
316088d3-93bc-41ff-8150-9e11f69c8cd7,NN231214060808791
ee683393-06fa-429e-8c0e-ae49333b672a,NN231214061012696
65457e2a-0a39-4f17-ad71-9a3c1d96d281,NN231117152944046
effdd9d8-e9c8-4b7a-9d55-812c1f7d419a,NN231118094457047
78b6ed1e-3062-4a0d-af18-0652fa44d161,NN231118095233394
1d4334d7-a03d-4d73-b3e9-aa1b7f6522d1,NN231120070622734
62a029c0-13c3-4439-aa4d-06d1432c64b1,NN231120082420367
3befff7e-efb3-4261-87e3-42545d044032,NN231120091514784
2ccfb1cd-8704-45c4-9b99-08bc099f0a1f,NN231120093943068
3da0e117-2608-4509-bc57-8a74f20b6e5e,NN231120094632242
9d3a686e-f7fc-48fa-91d7-6e7d01411f7d,NN231120094751512
8d6bee34-1afd-4174-aead-d5a64a26023d,NN231128075229118
3e7d20e5-96cd-4058-a146-94ff77f15408,NN231130113812481
800bffab-047b-4ffe-82e8-5dc1449ea1b6,NN231201125934236
ef005e92-999c-458f-a1f2-f56d997aef0b,NN231128075622587
02c21aec-5b70-4ca8-9bb7-850d07ac7916,NN231129132254693
62d6a2f8-9fd0-4caf-aaed-ca7f8f562ab5,NN231130115005871
bdd399cf-ccb2-4010-a503-948eeaebf1ad,NN231129041020180
a9bf6d9f-fd74-43c5-b6e9-99a170396cac,NN231129041418970
7d3397ec-d2b4-4818-9e60-d97107215c1f,NN231128090746923
a4335ba2-2d8e-47e8-a656-16b7da27f9f4,NN231128094357555
c9330e38-b079-4d3b-8a02-685aade8fdac,NN231128102124013
0289c1eb-8f30-45cb-9922-0e8ce701f11b,NN231128110114647
9d7a8cc5-1f96-41b1-9e5d-7f94b287c4a4,NN231128111010452
02e9346c-fd93-4e18-8092-171f9603f10c,NN231201130851945
e3bb5730-9647-47c4-987a-226edb0831d2,NN231201130940644
35304025-0bd2-4cfe-a4c7-8ffed395c3ae,NN231121125300327
b42fd49d-9010-4a66-987e-474068142849,NN231130044200187
5ea0aaea-e0c0-4174-a689-dd24a9b28b18,NN231128114859396
4047919c-90dc-4891-a862-20e344018906,NN231130044944530
24ba6fc6-2919-4949-a09f-d46f68d63c77,NN231130045033280
9b9ea2ab-c740-4204-bc3c-e96e3dd7a54c,NN231128115449471
d7e11fdd-cf95-496a-a8c0-d1987fc62be3,NN231128115847711
6c191381-b999-480d-9945-fa560cb90b36,NN231130045831798
8b294238-8549-434a-bbbc-787afc8ab4b7,NN231128122715307
6098a23c-72fa-4982-938a-d6e0e984c061,NN231129061717591
e1870587-5465-402a-813d-09444adbcadd,NN231129061853694
9898deb8-d215-4234-bbf3-9c0c0bf59258,NN231128131034805
ec3531c6-39c7-4315-9497-a524d2bd5019,NN231129143235745
211ba59c-12cf-4f51-9913-46355c74c681,NN231201091913021
389623cd-e7c5-4a03-b726-1ff55f525445,NN231128131533305
3a1f4cd8-c803-44d5-a881-5fa143f19cc1,NN231130065346269
7777ea55-b34e-4f3d-bab1-8cdfac671940,NN231130142132601
2ddf7ec9-48bc-4c3a-acb6-d83641986d54,NN231130143007125
cf344cc0-a51e-41a8-9293-11d4bafaf994,NN231129081924201
ae7b57b3-c390-4c53-ab0b-94a615ec9271,NN231122054105958
f7677c8b-f53e-417e-93b0-61fe3adc8956,NN231122054255809
84023db9-3edf-4857-9297-493f8f3927db,NN231201142741444
a7af87a9-b4dc-40b0-b45c-86acd6d48e48,NN231129090804444
4c4f9945-3edb-4f60-8c49-13989383d4ad,NN231201162601802
97268310-b40d-4e68-9895-b5bd1e6564a6,NN231122071112408
6d155dc4-ab0f-4c81-aefa-8a4193a383ae,NN231129092256606
065c1435-d603-4a26-ad96-8be2e1d8e3c4,NN231129092331316
b5850536-8589-406f-b3d5-c5acbd618dce,NN231130151905075
99eafd6f-a7b7-4db1-be0b-2c17b3323352,NN231129095107855
1cdd062f-83f6-42cc-8f0a-3cbb3b93a60a,NN231006094931687
9c280cdd-cc70-4491-9672-40749b5cd1fe,NN231129154809434
3043ed09-fec5-4ac6-a13d-d7416376f795,NN231127144158291
d82966dc-5a38-439b-9b19-97472f0e044d,NN231127144802627
94c095d5-5f6e-4537-a0bc-c0e757ab5adf,NN231122115212263
a064fb84-c9d5-43a0-80ea-a0b4f3aa7e33,NN231127145147889
9ef01f67-7043-49af-867b-786a960d571f,NN231127150554554
483cec19-c9f2-4f54-a164-e2be2167b815,NN231130091630802
2d32325b-5b2e-4fc9-9538-7ea7ba8cf31e,NN231128152041923
e0c1245d-02ff-42fa-9cfb-c329e1636373,NN231122141451235
c61d4f49-3e9e-4957-bc38-15b9e8c4f027,NN231122141640005
663f90c9-90d9-4835-8fef-1aa78e2ec46f,NN231127162301727
ad9f4cb7-cb4e-4537-80ef-05e7712f09c6,NN231122153656172
4eb054fb-6fc5-40cb-a038-b93448364ade,NN231122154002771
cb8d29ef-e48b-42b1-a3ca-79e7ed267501,NN231122154608109
e93c31fd-c93d-49d8-9b29-74b09717f2d6,NN231122154643807
12909ef7-6f48-486a-8633-9b2a06c5de70,NN231122154748070
4175080d-7129-4254-afba-a25c8711f05e,NN231122154845706
57eb226c-a907-4f18-a15e-dff2d99e362c,NN231127162633824
428edcd2-dd65-470f-aaf9-fdcc2ff6bfd1,NN231122162411384
459939a6-35dd-4a64-aa49-e6474efb6861,NN231128155234020
f72f40fd-497f-4ce2-b360-56e4a379fd89,NN231130161704083
a221791a-a6ba-4ae5-bac8-ecb54991d037,NN231101122748930
ae1b8e5b-77db-46eb-beb5-2f97536e1419,NN231102071817663
56dd1eb5-749e-446f-8309-e387d8b5e0e6,NN231105032242300
6e00b877-e807-4b4e-aec9-cf4813ffc461,NN231105041719855
4436b626-6633-4552-bf45-ee0e24e588b2,NN231105044000520
dd9749d8-353e-4dca-b819-a7d00efcd488,NN231105052145701
568a3e7c-ac30-439c-866b-600a5c9c00a4,NN231105114214937
9f6db674-45cd-4fcb-9a42-a75c3f025edb,NN231105114653424
54d70fb5-142e-4191-82bd-fb48c632eda6,NN231123091012289
5cda86d5-6e07-41ec-8301-afcfb13b5a23,NN231128162708908
d86bcbab-d785-403c-8625-2e6223b6f0f8,NN231129112012605
d38eba0d-f509-4ab1-8138-4701b43694fd,NN231201123434136
0aab4198-4145-45ed-b753-77f72d8201ee,NN231128042246584
624da361-97ee-40c6-aeb5-fcbf6c688068,NN231105160150897
9abde847-81e7-4c52-b661-6913935adde6,NN231106053602903
ce51943f-8d14-4283-a16c-86b31c2834e7,NN231106053917373
33ce6432-eaf9-41ce-acdc-0f01fbc574ab,NN231106054156642
64fda8f6-de5b-401c-a67a-f5dc1488c768,NN231106054650363
023c33ef-3bc6-4f30-af50-2b15702315c2,NN231106055322926
a2d68d91-5122-4aa2-ac00-d9a892c6d7f7,NN231201125322288
1d3bb464-b812-4e53-895c-a621dffb41bc,NN231112042426119
72cf3a46-29f4-4006-9c8a-7ea972fc463c,NN231112135051220
66bc02e2-4960-4f4d-8eae-21bd52e2af6a,NN231112044437309
add423fb-cfa0-45fc-9d20-27ba999f0398,NN231112044840369
b055f10c-e75e-4e60-944d-9201c6363352,NN231112045540645
78f4ae08-b094-4e1f-85c6-d60f59899f4f,NN231112045815260
96ea75e5-6113-466e-8623-6ad697b5202a,NN231112051533331
8e1c3d1b-326e-4778-9b9e-01b11d4c88b6,NN231112051719173
3edb3550-e2c6-4d23-8b99-fa5abf6dbe1d,NN231112051809449
929de388-693b-424f-beff-a5a213142fc0,NN231108112808814
a4344e12-2f61-4a99-9f8e-bc051e75e59c,NN231111142637155
c6b6f114-dc8e-46c0-be18-37b8eba16f64,NN231111142748808
3893aaa8-4f46-4f23-abe7-1643f1ed4b73,NN231111143236171
9ed071bf-e08e-4ffb-86ca-cfc8c6336aab,NN231111143727021
1ad3c7cc-c97a-4c98-9907-658358666134,NN231111041945432
194d44dc-760b-4a38-bc80-4f5c380b09c9,NN231109040029209
320fdcc6-9ea3-4bda-88db-b7b7ef653969,NN231109053510101
6eff9898-14e1-4e1b-9d1b-e8a3562916aa,NN231112081325840
1c396a8b-5b7a-4a0f-acc9-f5c0ee87d07c,NN231113151649514
596c4c14-b5fa-4e13-95eb-4a9738731f9e,NN231113151804074
d1cebce9-b0bf-4d66-ba8e-1d70fd16e64d,NN231114014948804
38b50946-096f-46af-b003-7d3e674664b7,NN231114021512835
a3a9a697-d5b3-482d-82c6-0d234c7f6cfd,NN231128051344562
b620ed83-f0bc-41f6-922e-fe3f84c1b687,NN231114073347209
f8a710f0-aa09-48ba-9ebb-fc1f15e8a800,NN231115153324626
b66bfdc4-a3d3-46d9-a494-76deb4a32376,NN231115155641553
71efe3cf-4adf-42e8-9efa-d313b163ad90,NN231116063538272
17cdb8be-7fbb-4526-8d15-f8ffeca204b4,NN231116115045216
fc8d577c-3285-416a-9137-0a4a175c370f,NN231116125517138
d9369a3f-d83d-44ee-b493-572ab29563d7,NN231116134952307
98f26a1b-a778-4ae9-8570-bd6f43b15f0c,NN231116140056812
fde4795f-2f9a-40fd-8f7b-ed69ecaf4fe4,NN231128180912360
1cd8d9f6-37fa-4181-b7da-25480cbcfcba,NN231116144256124
cc1f5a49-08ed-4fb9-bf26-ab08d80e860e,NN231116153033153
8a6d8f3c-e396-46e2-98ba-7c773714e1c9,NN231117012511601
8002d60e-efce-4bb1-a669-534739816dc3,NN231117012817165
49468c10-6d7c-467e-9062-dea639532512,NN231117014531217
7fabae61-22d6-43c7-b503-5db6a08d2232,NN231117063654362
448e7999-769e-480b-91ce-09ac91b85e3a,NN231117063908763
44d9c7a0-3431-412f-beea-d16e9a6a2bea,NN231117140154271
34fd11a8-46a9-4f92-8c6d-5957805166be,NN231117142302477
3b549d10-3b5a-4ffb-87e5-7f0b38aaa919,NN231117144458953
9aca332f-7a30-4b15-8f06-8e765110f101,NN231117144610012
fb295cbe-18c7-4745-a83c-bf9cf36f796e,NN231128210457845
cbe9532f-626e-42b6-923d-05e84598cb56,NN231130104947587
0a178ee3-cfdb-4fc9-b3cf-d529f4edcf12,NN231202031302176
c8527ffc-3034-4a08-94c0-3833cb287406,NN231202032607669
11a5e413-7d6a-419f-9bef-23102cb78257,NN231202081739477
2dd77291-7d2b-42d3-bb37-2ebf8502c464,NN231202133153918
02c51173-535f-41cd-a251-3c9e30dbb68b,NN231202160018827
b7c44550-7933-40a9-8a55-0629616e07dd,NN231202160456126
685abd39-f96d-4036-a1b7-e44cf9bbbb6a,NN231203093258706
bd955a08-9f4d-47db-93c5-55bef8f1f763,NN231203105413397
7b003548-185b-4c5f-909c-657244c5d494,NN231203150650971
b4a7638a-b6a4-4820-87db-456e6a372fc6,NN231203151644236
e9d26c8b-31ea-4217-84c6-11a15efd786f,NN231203151731608
cc3ba7a5-0326-4117-b093-72d8e0ad020f,NN231203151911680
c79a75bd-b3f6-4cc0-9122-2d20292c2e8d,NN231203153441531
e3bb7344-3fc0-446f-9dbe-e643c585486c,NN231203153702343
9497edf6-7b6a-4cc0-b2c3-51c23f32a9e3,NN231203180539019
35bb1d3f-ab94-4f73-9f87-bb29e5d974f8,NN231204130550073
e593ae47-972c-412d-a3ac-71ace3b01fc1,NN231204134216417
d3a26901-ffb2-4bf5-a87b-106627dd3d02,NN231205083657225
6a6a82ae-e423-471b-9a0e-f981f81d29d6,NN231205084835608
453c858f-c3ec-4a50-a320-1844f94856fc,NN231205125823172
7e2a8668-e198-4203-b4ba-22b0a48cf2b4,NN231205170050810
90b6230c-f7c2-47ad-890b-5f1319928e4c,NN231205170317611
37cbb37d-7937-476f-a486-35e26ab97d9d,NN231205170718004
90dec6be-958e-428d-ac71-d1a38add165a,NN231205171835899
18120a43-57af-4bac-9182-669b64c82c86,NN231206120412307
b603e058-7e91-482e-82ae-fbe9e9de1a13,NN231206162104747
7b59b74d-5d48-4446-a7fa-a580df303934,NN231208050550256
cb702cbf-a515-4cf0-9e54-30c290fb2398,NN231208050903309
3d4caa74-1999-4771-a8f1-e539cd7a6cc4,NN231209030331775
198ab418-2275-4632-a34c-c2115bf3b507,NN231209115338889
9d2662a6-cc6f-4a94-817b-1a01b0a3126d,NN231209120050359
c015983b-b7ff-4bba-90e5-6dc2be2bf6d9,NN231209153712502
dcd4dbbc-f6f9-480a-96db-0b306c9a94e4,NN231209184250036
82a0d73a-d729-4a5d-a05d-81cfadbf85fd,NN231210034941548
eac7b79f-51ee-4247-b027-d61c7c921bb5,NN231210075935204
69698345-74f9-4080-bc58-2b8f4887316c,NN231210122840214
2622b5cb-95fb-4af4-a6bd-2d1cea9e344e,NN231210124157205
1c383b7f-62a9-46a8-8bb2-b2459868f5c2,NN231211050901251
282090af-1de2-41cf-add4-15f75ad28738,NN231211142414253
c9235867-c396-497a-bb6c-0a28d95b615c,NN231211144911213
f00de4a9-8855-415f-99e2-7dc6e61d5712,NN231212023456740
22f4ae05-067e-4bc6-bb61-cca4b7035a67,NN231212042715315
d2f1cbc6-6559-4958-af36-71250a27b1d8,NN231212054424219
488a237e-38e0-4cfb-bf56-1b08874a7055,NN231212054601542
665369dc-c16e-4434-9656-835d2efecaa6,NN231212055012303
53221078-88d9-4ad6-b976-6fd45a1ad489,NN231212130615733
f4c39b51-7532-4c9f-a9d0-87b9b6ac4412,NN231212142809990
1e692d09-8a58-4753-869b-e4c55396936b,NN231212142913739
aaaebad9-fdb3-4633-ae87-845e09fd0cda,NN231213050353062
523d8159-aa3f-464c-b897-cd6ea0d492b4,NN231213115431964
31fe1a14-6b20-44a7-b75c-4ca072bad001,NN231213151450393
79c5c91e-b160-4f04-a283-fc2278c1fb2c,NN231213160519731
a0fd33d0-9e58-4260-a105-12896f255402,NN231213164425911
78acc0c7-fbc2-49b1-aa0a-51546b9fbc77,NN231213171722253
f27362e2-0f6b-4a63-babf-6f7f09cb2e04,NN231214031412883
48541fae-157c-40f9-819f-89275ed561f4,NN231214045510137
46887284-fbcb-418c-9c26-7ee6d55c81b3,NN231214060447164
54c788fe-3a83-4517-803d-1e602174da80,NN231214060807377
